id,firstname,lastname,email,age,created_at,bio
1,August,Schiller,Randall.Kunze28@yahoo.com,38,"2022-12-24 13:38:40","Sequi necessitatibus soluta molestiae enim et aut at quam. Et praesentium omnis corrupti rerum odio natus ab voluptas consectetur. Sed consequatur ut autem dolores qui eos et. Consequatur porro aliquam nihil aut sunt qui quas. Quas nam vel omnis rerum iusto quisquam distinctio."
2,Alva,Windler,Ethan80@gmail.com,58,"2022-12-24 13:38:41","Expedita sequi aut. Magni repellendus voluptas molestiae nihil aut totam voluptate quia itaque. Illum ea unde quia quia sint optio qui sequi. Consequuntur voluptas vel. Error exercitationem aut dignissimos. At quis deserunt nihil hic autem delectus repellendus."
3,Margarita,West,Susanna47@hotmail.com,32,"2022-12-24 13:38:42","Aspernatur aliquid qui reiciendis. Quos explicabo recusandae vel eum autem officiis aut ex. Quo et illo ea rerum eum omnis rerum voluptatem illo."
4,Lon,Barton,Aiyana.Hermiston@hotmail.com,82,"2022-12-24 13:38:43","Iure consequatur id dolores eos ad voluptates est. Distinctio at qui. Repudiandae cumque sit et dolorem est et iste. Explicabo sit sed hic eius est non magnam repellat. Corrupti est molestiae velit quibusdam accusantium facilis consectetur reprehenderit adipisci. Sit sit reprehenderit non eos veniam cumque rerum ab."
5,Madie,Deckow,Jewell.Jacobi27@gmail.com,63,"2022-12-24 13:38:43","Quis et qui et natus sunt. Dolores aliquid ea quae. Omnis velit molestiae minima et quam illo facere."
6,Chauncey,Nitzsche,Ellsworth_Roberts@hotmail.com,65,"2022-12-24 13:38:44","In et est. Eveniet illo non nulla vitae aspernatur. Odit quaerat occaecati ea. Occaecati deserunt iste architecto maxime earum. Ut beatae consequatur odit temporibus molestiae qui exercitationem. Sapiente sed ut aut qui aut velit cupiditate quia."
7,Alivia,Mosciski,Alexander97@hotmail.com,74,"2022-12-24 13:38:45","Voluptas aut voluptas ducimus repellendus voluptatem sapiente. Recusandae dicta aut aut enim quis error assumenda. Quia voluptates velit. Temporibus iste qui nesciunt velit non. Omnis qui ut eveniet aut. Dignissimos sed eos."
8,Stephan,Mraz,Mark.Robel@yahoo.com,18,"2022-12-24 13:38:46","Mollitia id soluta. Consequatur vero quam nisi vero similique qui. Incidunt voluptatem ad ea eum minima et. Voluptatem officiis repellendus est et aut nam. Sapiente dolor autem cum aut."
9,Kade,Glover,Branson.Streich59@gmail.com,42,"2022-12-24 13:38:47","Et rerum fugit rerum. Suscipit ex voluptatem perspiciatis illum libero repudiandae voluptate voluptatem. Distinctio non cum ut voluptate ab veritatis."
10,Alphonso,Herzog,Loren16@yahoo.com,93,"2022-12-24 13:38:48","Ipsa possimus ex et. Unde sint quo. Est molestiae unde quae molestiae reprehenderit veniam vel. Atque atque corporis temporibus voluptatem."
11,Boyd,Zemlak,Elmore_Reichert80@yahoo.com,18,"2022-12-24 13:38:49","Et qui eveniet corrupti. Et sed rerum. Asperiores beatae earum tempore et deserunt maiores nulla. Est exercitationem esse quibusdam. Ipsum est odit delectus deserunt est sed quam explicabo. Ullam harum praesentium et perferendis."
12,Helmer,Dach,Daija_Koelpin46@gmail.com,89,"2022-12-24 13:38:49","Molestiae laboriosam voluptatem velit est omnis ratione reprehenderit blanditiis. Voluptatem voluptates repudiandae et aut qui aut maiores rerum voluptatem. Ut harum iure qui. Laudantium perspiciatis et error veritatis rerum dolorem. Eos sed quia rerum et doloribus. Voluptatem sapiente ut et modi aut ut voluptatem atque consequatur."
13,Mazie,Mertz,Paula.Kub@gmail.com,61,"2022-12-24 13:38:50","Cupiditate debitis omnis voluptatibus. Doloribus molestias tenetur. Accusantium aliquam aliquam iusto mollitia deserunt. Reiciendis ullam voluptas occaecati eos voluptatum ut magni blanditiis debitis. Qui quia autem explicabo et adipisci numquam provident voluptatum. Est et accusantium et."
14,Nona,Hermann,Zander_Kuhn@gmail.com,20,"2022-12-24 13:38:51","Veritatis dolores ut rerum. Asperiores quis incidunt enim cumque quisquam et totam facilis. Sit est velit id ratione vel magni. Qui neque sint ut nulla ut quod. Qui ex necessitatibus. Non vitae nisi."
15,Kenyon,Kirlin,Wilson_Jaskolski@hotmail.com,57,"2022-12-24 13:38:52","Atque esse velit rem ut aut ea. Nihil iure qui accusamus qui consectetur et. Quis nam ut accusamus itaque adipisci aspernatur. Non at laborum est voluptas aut perferendis dolorem."
